[
  {
    "key": "PeopleAndBody",
    "items": [
      { "key": "😀" },
      { "key": "😃" },
      { "key": "😄" },
      { "key": "😁" },
      { "key": "😆" },
      { "key": "😅" },
      { "key": "🤣" },
      { "key": "😂" },
      { "key": "🙂" },
      { "key": "🙃" },
      { "key": "😉" },
      { "key": "😊" },
      { "key": "😇" },
      { "key": "🥰" },
      { "key": "😍" },
      { "key": "🤩" },
      { "key": "😘" },
      { "key": "😗" },
      { "key": "☺️" },
      { "key": "😚" },
      { "key": "😙" },
      { "key": "😋" },
      { "key": "😛" },
      { "key": "😜" },
      { "key": "🤪" },
      { "key": "😝" },
      { "key": "🤑" },
      { "key": "🤗" },
      { "key": "🤭" },
      { "key": "🤫" },
      { "key": "🤔" },
      { "key": "🤐" },
      { "key": "🤨" },
      { "key": "😐" },
      { "key": "😑" },
      { "key": "😶" },
      { "key": "😏" },
      { "key": "😒" },
      { "key": "🙄" },
      { "key": "😬" },
      { "key": "🤥" },
      { "key": "😌" },
      { "key": "😔" },
      { "key": "😪" },
      { "key": "🤤" },
      { "key": "😴" },
      { "key": "😷" },
      { "key": "🤒" },
      { "key": "🤕" },
      { "key": "🤢" },
      { "key": "🤮" },
      { "key": "🤧" },
      { "key": "🥵" },
      { "key": "🥶" },
      { "key": "🥴" },
      { "key": "😵" },
      { "key": "🤯" },
      { "key": "🤠" },
      { "key": "🥳" },
      { "key": "😎" },
      { "key": "🤓" },
      { "key": "🧐" },
      { "key": "😕" },
      { "key": "😟" },
      { "key": "🙁" },
      { "key": "☹️" },
      { "key": "😮" },
      { "key": "😯" },
      { "key": "😲" },
      { "key": "😳" },
      { "key": "🥺" },
      { "key": "😦" },
      { "key": "😧" },
      { "key": "😨" },
      { "key": "😰" },
      { "key": "😥" },
      { "key": "😢" },
      { "key": "😭" },
      { "key": "😱" },
      { "key": "😖" },
      { "key": "😣" },
      { "key": "😞" },
      { "key": "😓" },
      { "key": "😩" },
      { "key": "😫" },
      { "key": "😤" },
      { "key": "😡" },
      { "key": "😠" },
      { "key": "🤬" },
      { "key": "😈" },
      { "key": "👿" },
      { "key": "💀" },
      { "key": "☠️" },
      { "key": "💩" },
      { "key": "🤡" },
      { "key": "👹" },
      { "key": "👺" },
      { "key": "👻" },
      { "key": "👽" },
      { "key": "👾" },
      { "key": "🤖" },
      { "key": "😺" },
      { "key": "😸" },
      { "key": "😹" },
      { "key": "😻" },
      { "key": "😼" },
      { "key": "😽" },
      { "key": "🙀" },
      { "key": "😿" },
      { "key": "😾" },
      { "key": "🙈" },
      { "key": "🙉" },
      { "key": "🙊" },
      { "key": "💋" },
      { "key": "💌" },
      { "key": "💘" },
      { "key": "💝" },
      { "key": "💖" },
      { "key": "💗" },
      { "key": "💓" },
      { "key": "💞" },
      { "key": "💕" },
      { "key": "💟" },
      { "key": "❣️" },
      { "key": "💔" },
      { "key": "❤️" },
      { "key": "🧡" },
      { "key": "💛" },
      { "key": "💚" },
      { "key": "💙" },
      { "key": "💜" },
      { "key": "🖤" },
      { "key": "💯" },
      { "key": "💢" },
      { "key": "💥" },
      { "key": "💫" },
      { "key": "💦" },
      { "key": "💨" },
      { "key": "🕳️" },
      { "key": "💣" },
      { "key": "💬" },
      { "key": "👁️‍🗨️" },
      { "key": "🗨️" },
      { "key": "🗯️" },
      { "key": "💭" },
      { "key": "💤" },
      {
        "key": "👋",
        "skin": [ "👋🏻", "👋🏼", "👋🏽", "👋🏾", "👋🏿" ]
      },
      {
        "key": "🤚",
        "skin": [ "🤚🏻", "🤚🏼", "🤚🏽", "🤚🏾", "🤚🏿" ]
      },
      {
        "key": "🖐️",
        "skin": [ "🖐🏻", "🖐🏼", "🖐🏽", "🖐🏾", "🖐🏿" ]
      },
      {
        "key": "✋",
        "skin": [ "✋🏻", "✋🏼", "✋🏽", "✋🏾", "✋🏿" ]
      },
      {
        "key": "🖖",
        "skin": [ "🖖🏻", "🖖🏼", "🖖🏽", "🖖🏾", "🖖🏿" ]
      },
      {
        "key": "👌",
        "skin": [ "👌🏻", "👌🏼", "👌🏽", "👌🏾", "👌🏿" ]
      },
      {
        "key": "✌️",
        "skin": [ "✌🏻", "✌🏼", "✌🏽", "✌🏾", "✌🏿" ]
      },
      {
        "key": "🤞",
        "skin": [ "🤞🏻", "🤞🏼", "🤞🏽", "🤞🏾", "🤞🏿" ]
      },
      {
        "key": "🤟",
        "skin": [ "🤟🏻", "🤟🏼", "🤟🏽", "🤟🏾", "🤟🏿" ]
      },
      {
        "key": "🤘",
        "skin": [ "🤘🏻", "🤘🏼", "🤘🏽", "🤘🏾", "🤘🏿" ]
      },
      {
        "key": "🤙",
        "skin": [ "🤙🏻", "🤙🏼", "🤙🏽", "🤙🏾", "🤙🏿" ]
      },
      {
        "key": "👈",
        "skin": [ "👈🏻", "👈🏼", "👈🏽", "👈🏾", "👈🏿" ]
      },
      {
        "key": "👉",
        "skin": [ "👉🏻", "👉🏼", "👉🏽", "👉🏾", "👉🏿" ]
      },
      {
        "key": "👆",
        "skin": [ "👆🏻", "👆🏼", "👆🏽", "👆🏾", "👆🏿" ]
      },
      {
        "key": "🖕",
        "skin": [ "🖕🏻", "🖕🏼", "🖕🏽", "🖕🏾", "🖕🏿" ]
      },
      {
        "key": "👇",
        "skin": [ "👇🏻", "👇🏼", "👇🏽", "👇🏾", "👇🏿" ]
      },
      {
        "key": "☝️",
        "skin": [ "☝🏻", "☝🏼", "☝🏽", "☝🏾", "☝🏿" ]
      },
      {
        "key": "👍",
        "skin": [ "👍🏻", "👍🏼", "👍🏽", "👍🏾", "👍🏿" ]
      },
      {
        "key": "👎",
        "skin": [ "👎🏻", "👎🏼", "👎🏽", "👎🏾", "👎🏿" ]
      },
      {
        "key": "✊",
        "skin": [ "✊🏻", "✊🏼", "✊🏽", "✊🏾", "✊🏿" ]
      },
      {
        "key": "👊",
        "skin": [ "👊🏻", "👊🏼", "👊🏽", "👊🏾", "👊🏿" ]
      },
      {
        "key": "🤛",
        "skin": [ "🤛🏻", "🤛🏼", "🤛🏽", "🤛🏾", "🤛🏿" ]
      },
      {
        "key": "🤜",
        "skin": [ "🤜🏻", "🤜🏼", "🤜🏽", "🤜🏾", "🤜🏿" ]
      },
      {
        "key": "👏",
        "skin": [ "👏🏻", "👏🏼", "👏🏽", "👏🏾", "👏🏿" ]
      },
      {
        "key": "🙌",
        "skin": [ "🙌🏻", "🙌🏼", "🙌🏽", "🙌🏾", "🙌🏿" ]
      },
      {
        "key": "👐",
        "skin": [ "👐🏻", "👐🏼", "👐🏽", "👐🏾", "👐🏿" ]
      },
      {
        "key": "🤲",
        "skin": [ "🤲🏻", "🤲🏼", "🤲🏽", "🤲🏾", "🤲🏿" ]
      },
      { "key": "🤝" },
      {
        "key": "🙏",
        "skin": [ "🙏🏻", "🙏🏼", "🙏🏽", "🙏🏾", "🙏🏿" ]
      },
      {
        "key": "✍️",
        "skin": [ "✍🏻", "✍🏼", "✍🏽", "✍🏾", "✍🏿" ]
      },
      {
        "key": "💅",
        "skin": [ "💅🏻", "💅🏼", "💅🏽", "💅🏾", "💅🏿" ]
      },
      {
        "key": "🤳",
        "skin": [ "🤳🏻", "🤳🏼", "🤳🏽", "🤳🏾", "🤳🏿" ]
      },
      {
        "key": "💪",
        "skin": [ "💪🏻", "💪🏼", "💪🏽", "💪🏾", "💪🏿", "🦾" ]
      },
      {
        "key": "🦵",
        "skin": [ "🦵🏻", "🦵🏼", "🦵🏽", "🦵🏾", "🦵🏿", "🦿" ]
      },
      {
        "key": "🦶",
        "skin": [ "🦶🏻", "🦶🏼", "🦶🏽", "🦶🏾", "🦶🏿" ]
      },
      {
        "key": "👂",
        "skin": [ "👂🏻", "👂🏼", "👂🏽", "👂🏾", "👂🏿" ]
      },
      {
        "key": "👃",
        "skin": [ "👃🏻", "👃🏼", "👃🏽", "👃🏾", "👃🏿" ]
      },
      { "key": "🧠" },
      { "key": "🦷" },
      { "key": "🦴" },
      { "key": "👀" },
      { "key": "👁️" },
      { "key": "👅" },
      { "key": "👄" },
      {
        "key": "👶",
        "skin": [ "👶🏻", "👶🏼", "👶🏽", "👶🏾", "👶🏿" ]
      },
      {
        "key": "🧒",
        "skin": [ "🧒🏻", "🧒🏼", "🧒🏽", "🧒🏾", "🧒🏿" ]
      },
      {
        "key": "👦",
        "skin": [ "👦🏻", "👦🏼", "👦🏽", "👦🏾", "👦🏿" ]
      },
      {
        "key": "👧",
        "skin": [ "👧🏻", "👧🏼", "👧🏽", "👧🏾", "👧🏿" ]
      },
      {
        "key": "🧑",
        "skin": [ "🧑🏻", "🧑🏼", "🧑🏽", "🧑🏾", "🧑🏿" ]
      },
      {
        "key": "👱",
        "skin": [ "👱🏻", "👱🏼", "👱🏽", "👱🏾", "👱🏿" ]
      },
      {
        "key": "👨",
        "skin": [ "👨🏻", "👨🏼", "👨🏽", "👨🏾", "👨🏿" ]
      },
      {
        "key": "🧔",
        "skin": [ "🧔🏻", "🧔🏼", "🧔🏽", "🧔🏾", "🧔🏿" ]
      },
      {
        "key": "👨‍🦰",
        "skin": [ "👨🏻‍🦰", "👨🏼‍🦰", "👨🏽‍🦰", "👨🏾‍🦰", "👨🏿‍🦰" ]
      },
      {
        "key": "👨‍🦱",
        "skin": [ "👨🏻‍🦱", "👨🏼‍🦱", "👨🏽‍🦱", "👨🏾‍🦱", "👨🏿‍🦱" ]
      },
      {
        "key": "👨‍🦳",
        "skin": [ "👨🏻‍🦳", "👨🏼‍🦳", "👨🏽‍🦳", "👨🏾‍🦳", "👨🏿‍🦳" ]
      },
      {
        "key": "👨‍🦲",
        "skin": [ "👨🏻‍🦲", "👨🏼‍🦲", "👨🏽‍🦲", "👨🏾‍🦲", "👨🏿‍🦲" ]
      },
      {
        "key": "👩",
        "skin": [ "👩🏻", "👩🏼", "👩🏽", "👩🏾", "👩🏿" ]
      },
      {
        "key": "👩‍🦰",
        "skin": [ "👩🏻‍🦰", "👩🏼‍🦰", "👩🏽‍🦰", "👩🏾‍🦰", "👩🏿‍🦰" ]
      },
      {
        "key": "👩‍🦱",
        "skin": [ "👩🏻‍🦱", "👩🏼‍🦱", "👩🏽‍🦱", "👩🏾‍🦱", "👩🏿‍🦱" ]
      },
      {
        "key": "👩‍🦳",
        "skin": [ "👩🏻‍🦳", "👩🏼‍🦳", "👩🏽‍🦳", "👩🏾‍🦳", "👩🏿‍🦳" ]
      },
      {
        "key": "👩‍🦲",
        "skin": [ "🧑🏻‍🦲", "🧑🏼‍🦲", "🧑🏽‍🦲", "🧑🏾‍🦲", "🧑🏿‍🦲" ]
      },
      {
        "key": "👱‍♀️",
        "skin": [ "👱🏻‍♀️", "👱🏼‍♀️", "👱🏽‍♀️", "👱🏾‍♀️", "👱🏿‍♀️" ]
      },
      {
        "key": "👱‍♂️",
        "skin": [ "👱🏻‍♂️", "👱🏼‍♂️", "👱🏽‍♂️", "👱🏾‍♂️", "👱🏿‍♂️" ]
      },
      {
        "key": "🧓",
        "skin": [ "🧓🏻", "🧓🏼", "🧓🏽", "🧓🏾", "🧓🏿" ]
      },
      {
        "key": "👴",
        "skin": [ "👴🏻", "👴🏼", "👴🏽", "👴🏾", "👴🏿" ]
      },
      {
        "key": "👵",
        "skin": [ "👵🏻", "👵🏼", "👵🏽", "👵🏾", "👵🏿" ]
      },
      {
        "key": "🙍",
        "skin": [ "🙍🏻", "🙍🏼", "🙍🏽", "🙍🏾", "🙍🏿" ]
      },
      {
        "key": "🙍‍♂️",
        "skin": [ "🙍🏻‍♂️", "🙍🏼‍♂️", "🙍🏽‍♂️", "🙍🏾‍♂️", "🙍🏿‍♂️" ]
      },
      {
        "key": "🙍‍♀️",
        "skin": [ "🙍🏻‍♀️", "🙍🏼‍♀️", "🙍🏽‍♀️", "🙍🏾‍♀️", "🙍🏿‍♀️" ]
      },
      {
        "key": "🙎",
        "skin": [ "🙎🏻", "🙎🏼", "🙎🏽", "🙎🏾", "🙎🏿" ]
      },
      {
        "key": "🙎‍♂️",
        "skin": [ "🙎🏻‍♂️", "🙎🏼‍♂️", "🙎🏽‍♂️", "🙎🏾‍♂️", "🙎🏿‍♂️" ]
      },
      {
        "key": "🙎‍♀️",
        "skin": [ "🙎🏻‍♀️", "🙎🏼‍♀️", "🙎🏽‍♀️", "🙎🏾‍♀️", "🙎🏿‍♀️" ]
      },
      {
        "key": "🙅",
        "skin": [ "🙅🏻", "🙅🏼", "🙅🏽", "🙅🏾", "🙅🏿" ]
      },
      {
        "key": "🙅‍♂️",
        "skin": [ "🙅🏻‍♂️", "🙅🏼‍♂️", "🙅🏽‍♂️", "🙅🏾‍♂️", "🙅🏿‍♂️" ]
      },
      {
        "key": "🙅‍♀️",
        "skin": [ "🙅🏻‍♀️", "🙅🏼‍♀️", "🙅🏽‍♀️", "🙅🏾‍♀️", "🙅🏿‍♀️" ]
      },
      {
        "key": "🙆",
        "skin": [ "🙆🏻", "🙆🏼", "🙆🏽", "🙆🏾", "🙆🏿" ]
      },
      {
        "key": "🙆‍♂️",
        "skin": [ "🙆🏻‍♂️", "🙆🏼‍♂️", "🙆🏽‍♂️", "🙆🏾‍♂️", "🙆🏿‍♂️" ]
      },
      {
        "key": "🙆‍♀️",
        "skin": [ "🙆🏻‍♀️", "🙆🏼‍♀️", "🙆🏽‍♀️", "🙆🏾‍♀️", "🙆🏿‍♀️" ]
      },
      {
        "key": "💁",
        "skin": [ "💁🏻", "💁🏼", "💁🏽", "💁🏾", "💁🏿" ]
      },
      {
        "key": "💁‍♂️",
        "skin": [ "💁🏻‍♂️", "💁🏼‍♂️", "💁🏽‍♂️", "💁🏾‍♂️", "💁🏿‍♂️" ]
      },
      {
        "key": "💁‍♀️",
        "skin": [ "💁🏻‍♀️", "💁🏼‍♀️", "💁🏽‍♀️", "💁🏾‍♀️", "💁🏿‍♀️" ]
      },
      {
        "key": "🙋",
        "skin": [ "🙋🏻", "🙋🏼", "🙋🏽", "🙋🏾", "🙋🏿" ]
      },
      {
        "key": "🙋‍♂️",
        "skin": [ "🙋🏻‍♂️", "🙋🏼‍♂️", "🙋🏽‍♂️", "🙋🏾‍♂️", "🙋🏿‍♂️" ]
      },
      {
        "key": "🙋‍♀️",
        "skin": [ "🙋🏻‍♀️", "🙋🏼‍♀️", "🙋🏽‍♀️", "🙋🏾‍♀️", "🙋🏿‍♀️" ]
      },
      {
        "key": "🙇",
        "skin": [ "🙇🏻", "🙇🏼", "🙇🏽", "🙇🏾", "🙇🏿" ]
      },
      {
        "key": "🙇‍♂️",
        "skin": [ "🙇🏻‍♂️", "🙇🏼‍♂️", "🙇🏽‍♂️", "🙇🏾‍♂️", "🙇🏿‍♂️" ]
      },
      {
        "key": "🙇‍♀️",
        "skin": [ "🙇🏻‍♀️", "🙇🏼‍♀️", "🙇🏽‍♀️", "🙇🏾‍♀️", "🙇🏿‍♀️" ]
      },
      {
        "key": "🤦",
        "skin": [ "🤦🏻", "🤦🏼", "🤦🏽", "🤦🏾", "🤦🏿" ]
      },
      {
        "key": "🤦‍♂️",
        "skin": [ "🤦🏻‍♂️", "🤦🏼‍♂️", "🤦🏽‍♂️", "🤦🏾‍♂️", "🤦🏿‍♂️" ]
      },
      {
        "key": "🤦‍♀️",
        "skin": [ "🤦🏻‍♀️", "🤦🏼‍♀️", "🤦🏽‍♀️", "🤦🏾‍♀️", "🤦🏿‍♀️" ]
      },
      {
        "key": "🤷",
        "skin": [ "🤷🏻", "🤷🏼", "🤷🏽", "🤷🏾", "🤷🏿" ]
      },
      {
        "key": "🤷‍♂️",
        "skin": [ "🤷🏻‍♂️", "🤷🏼‍♂️", "🤷🏽‍♂️", "🤷🏾‍♂️", "🤷🏿‍♂️" ]
      },
      {
        "key": "🤷‍♀️",
        "skin": [ "🤷🏻‍♀️", "🤷🏼‍♀️", "🤷🏽‍♀️", "🤷🏾‍♀️", "🤷🏿‍♀️" ]
      },
      {
        "key": "👨‍⚕️",
        "skin": [ "👨🏻‍⚕️", "👨🏼‍⚕️", "👨🏽‍⚕️", "👨🏾‍⚕️", "👨🏿‍⚕️" ]
      },
      {
        "key": "👩‍⚕️",
        "skin": [ "👩🏻‍⚕️", "👩🏼‍⚕️", "👩🏽‍⚕️", "👩🏾‍⚕️", "👩🏿‍⚕️" ]
      },
      {
        "key": "👨‍🎓",
        "skin": [ "👨🏻‍🎓", "👨🏼‍🎓", "👨🏽‍🎓", "👨🏾‍🎓", "👨🏿‍🎓" ]
      },
      {
        "key": "👩‍🎓",
        "skin": [ "👩🏻‍🎓", "👩🏼‍🎓", "👩🏽‍🎓", "👩🏾‍🎓", "👩🏿‍🎓" ]
      },
      {
        "key": "👨‍🏫",
        "skin": [ "👨🏻‍🏫", "👨🏼‍🏫", "👨🏽‍🏫", "👨🏾‍🏫", "👨🏿‍🏫" ]
      },
      {
        "key": "👩‍🏫",
        "skin": [ "👩🏻‍🏫", "👩🏼‍🏫", "👩🏽‍🏫", "👩🏾‍🏫", "👩🏿‍🏫" ]
      },
      {
        "key": "👨‍⚖️",
        "skin": [ "👨🏻‍⚖️", "👨🏼‍⚖️", "👨🏽‍⚖️", "👨🏾‍⚖️", "👨🏿‍⚖️" ]
      },
      {
        "key": "👩‍⚖️",
        "skin": [ "👩🏻‍⚖️", "👩🏼‍⚖️", "👩🏽‍⚖️", "👩🏾‍⚖️", "👩🏿‍⚖️" ]
      },
      {
        "key": "👨‍🌾",
        "skin": [ "👨‍🌾", "👨🏼‍🌾", "👨🏽‍🌾", "👨🏾‍🌾", "👨🏿‍🌾" ]
      },
      {
        "key": "👩‍🌾",
        "skin": [ "👩🏻‍🌾", "👩🏼‍🌾", "👩🏽‍🌾", "👩🏾‍🌾", "👩🏿‍🌾" ]
      },
      {
        "key": "👨‍🍳",
        "skin": [ "👨🏻‍🍳", "👨🏼‍🍳", "👨🏽‍🍳", "👨🏾‍🍳", "👨🏿‍🍳" ]
      },
      {
        "key": "👩‍🍳",
        "skin": [ "👩🏻‍🍳", "👩🏼‍🍳", "👩🏽‍🍳", "👩🏾‍🍳", "👩🏿‍🍳" ]
      },
      {
        "key": "👨‍🔧",
        "skin": [ "👨🏻‍🔧", "👨🏼‍🔧", "👨🏽‍🔧", "👨🏾‍🔧", "👨🏿‍🔧" ]
      },
      {
        "key": "👩‍🔧",
        "skin": [ "👩🏻‍🔧", "👩🏼‍🔧", "👩🏽‍🔧", "👩🏾‍🔧", "👩🏿‍🔧" ]
      },
      {
        "key": "👨‍🏭",
        "skin": [ "👨🏻‍🏭", "👨🏼‍🏭", "👨🏽‍🏭", "👨🏾‍🏭", "👨🏿‍🏭" ]
      },
      {
        "key": "👩‍🏭",
        "skin": [ "👩🏻‍🏭", "👩🏼‍🏭", "👩🏽‍🏭", "👩🏾‍🏭", "👩🏿‍🏭" ]
      },
      {
        "key": "👨‍💼",
        "skin": [ "👨🏻‍💼", "👨🏼‍💼", "👨🏽‍💼", "👨🏾‍💼", "👨🏿‍💼" ]
      },
      {
        "key": "👩‍💼",
        "skin": [ "👩🏻‍💼", "👩🏼‍💼", "👩🏽‍💼", "👩🏾‍💼", "👩🏿‍💼" ]
      },
      {
        "key": "👨‍🔬",
        "skin": [ "👨🏻‍🔬", "👨🏼‍🔬", "👨🏽‍🔬", "👨🏾‍🔬", "👨🏿‍🔬" ]
      },
      {
        "key": "👩‍🔬",
        "skin": [ "👩🏻‍🔬", "👩🏼‍🔬", "👩🏽‍🔬", "👩🏾‍🔬", "👩🏿‍🔬" ]
      },
      {
        "key": "👨‍💻",
        "skin": [ "👨🏻‍💻", "👨🏼‍💻", "👨🏽‍💻", "👨🏾‍💻", "👨🏿‍💻" ]
      },
      {
        "key": "👩‍💻",
        "skin": [ "👩🏻‍💻", "👩🏼‍💻", "👩🏽‍💻", "👩🏾‍💻", "👩🏿‍💻" ]
      },
      {
        "key": "👨‍🎤",
        "skin": [ "👨🏻‍🎤", "👨🏼‍🎤", "👨🏽‍🎤", "👨🏾‍🎤", "👨🏿‍🎤" ]
      },
      {
        "key": "👩‍🎤",
        "skin": [ "👩🏻‍🎤", "👩🏼‍🎤", "👩🏽‍🎤", "👩🏾‍🎤", "👩🏿‍🎤" ]
      },
      {
        "key": "👨‍🎨",
        "skin": [ "👨🏻‍🎨", "👨🏼‍🎨", "👨🏽‍🎨", "👨🏾‍🎨", "👨🏿‍🎨" ]
      },
      {
        "key": "👩‍🎨",
        "skin": [ "👩🏻‍🎨", "👩🏼‍🎨", "👩🏽‍🎨", "👩🏾‍🎨", "👩🏿‍🎨" ]
      },
      {
        "key": "👨‍✈️",
        "skin": [ "👨🏻‍✈️", "👨🏼‍✈️", "👨🏽‍✈️", "👨🏾‍✈️", "👨🏿‍✈️" ]
      },
      {
        "key": "👩‍✈️",
        "skin": [ "👩🏻‍✈️", "👩🏼‍✈️", "👩🏽‍✈️", "👩🏾‍✈️", "👩🏿‍✈️" ]
      },
      {
        "key": "👨‍🚀",
        "skin": [ "👨🏻‍🚀", "👨🏼‍🚀", "👨🏽‍🚀", "👨🏾‍🚀", "👨🏿‍🚀" ]
      },
      {
        "key": "👩‍🚀",
        "skin": [ "👩🏻‍🚀", "👩🏼‍🚀", "👩🏽‍🚀", "👩🏾‍🚀", "👩🏿‍🚀" ]
      },
      {
        "key": "👨‍🚒",
        "skin": [ "👨🏻‍🚒", "👨🏼‍🚒", "👨🏽‍🚒", "👨🏾‍🚒", "👨🏿‍🚒" ]
      },
      {
        "key": "👩‍🚒",
        "skin": [ "👩🏻‍🚒", "👩🏼‍🚒", "👩🏽‍🚒", "👩🏾‍🚒", "👩🏿‍🚒" ]
      },
      {
        "key": "👮",
        "skin": [ "👮🏻", "👮🏼", "👮🏽", "👮🏾", "👮🏿" ]
      },
      {
        "key": "👮‍♂️",
        "skin": [ "👮🏻‍♂️", "👮🏼‍♂️", "👮🏽‍♂️", "👮🏾‍♂️", "👮🏿‍♂️" ]
      },
      {
        "key": "👮‍♀️",
        "skin": [ "👮🏻‍♀️", "👮🏼‍♀️", "👮🏽‍♀️", "👮🏾‍♀️", "👮🏿‍♀️" ]
      },
      {
        "key": "🕵️",
        "skin": [ "🕵🏻", "🕵🏼", "🕵🏽", "🕵🏾", "🕵🏿" ]
      },
      {
        "key": "🕵️‍♂️",
        "skin": [ "🕵🏻‍♂️", "🕵🏼‍♂️", "🕵🏽‍♂️", "🕵🏾‍♂️", "🕵🏿‍♂️" ]
      },
      {
        "key": "🕵️‍♀️",
        "skin": [ "🕵🏻‍♀️", "🕵🏼‍♀️", "🕵🏽‍♀️", "🕵🏾‍♀️", "🕵🏿‍♀️" ]
      },
      {
        "key": "💂",
        "skin": [ "💂🏻", "💂🏼", "💂🏽", "💂🏾", "💂🏿" ]
      },
      {
        "key": "💂‍♂️",
        "skin": [ "💂🏻‍♂️", "💂🏼‍♂️", "💂🏽‍♂️", "💂🏾‍♂️", "💂🏿‍♂️" ]
      },
      {
        "key": "💂‍♀️",
        "skin": [ "💂🏻‍♀️", "💂🏼‍♀️", "💂🏽‍♀️", "💂🏾‍♀️", "💂🏿‍♀️" ]
      },
      {
        "key": "👷",
        "skin": [ "👷🏻", "👷🏼", "👷🏽", "👷🏾", "👷🏿" ]
      },
      {
        "key": "👷‍♂️",
        "skin": [ "👷🏻‍♂️", "👷🏼‍♂️", "👷🏽‍♂️", "👷🏾‍♂️", "👷🏿‍♂️" ]
      },
      {
        "key": "👷‍♀️",
        "skin": [ "👷🏻‍♀️", "👷🏼‍♀️", "👷🏽‍♀️", "👷🏾‍♀️", "👷🏿‍♀️" ]
      },
      {
        "key": "🤴",
        "skin": [ "🤴🏻", "🤴🏼", "🤴🏽", "🤴🏾", "🤴🏿" ]
      },
      {
        "key": "👸",
        "skin": [ "👸🏻", "👸🏼", "👸🏽", "👸🏾", "👸🏿" ]
      },
      {
        "key": "👳",
        "skin": [ "👳🏻", "👳🏼", "👳🏽", "👳🏾", "👳🏿" ]
      },
      {
        "key": "👳‍♂️",
        "skin": [ "👳🏻‍♂️", "👳🏼‍♂️", "👳🏽‍♂️", "👳🏾‍♂️", "👳🏿‍♂️" ]
      },
      {
        "key": "👳‍♀️",
        "skin": [ "👳🏻‍♀️", "👳🏼‍♀️", "👳🏽‍♀️", "👳🏾‍♀️", "👳🏿‍♀️" ]
      },
      {
        "key": "👲",
        "skin": [ "👲🏻", "👲🏼", "👲🏽", "👲🏾", "👲🏿" ]
      },
      {
        "key": "🧕",
        "skin": [ "🧕🏻", "🧕🏼", "🧕🏽", "🧕🏾", "🧕🏿" ]
      },
      {
        "key": "🤵",
        "skin": [ "🤵🏻", "🤵🏼", "🤵🏽", "🤵🏾", "🤵🏿" ]
      },
      {
        "key": "👰",
        "skin": [ "👰🏻", "👰🏼", "👰🏽", "👰🏾", "👰🏿" ]
      },
      {
        "key": "🤰",
        "skin": [ "🤰🏻", "🤰🏼", "🤰🏽", "🤰🏾", "🤰🏿" ]
      },
      {
        "key": "🤱",
        "skin": [ "🤱🏻", "🤱🏼", "🤱🏽", "🤱🏾", "🤱🏿" ]
      },
      {
        "key": "👼",
        "skin": [ "👼🏻", "👼🏼", "👼🏽", "👼🏾", "👼🏿" ]
      },
      {
        "key": "🎅",
        "skin": [ "🎅🏻", "🎅🏼", "🎅🏽", "🎅🏾", "🎅🏿" ]
      },
      {
        "key": "🤶",
        "skin": [ "🤶🏻", "🤶🏼", "🤶🏽", "🤶🏾", "🤶🏿" ]
      },
      {
        "key": "🦸",
        "skin": [ "🦸🏻", "🦸🏼", "🦸🏽", "🦸🏾", "🦸🏿" ]
      },
      {
        "key": "🦸‍♂️",
        "skin": [ "🦸🏻‍♂️", "🦸🏼‍♂️", "🦸🏽‍♂️", "🦸🏾‍♂️", "🦸🏿‍♂️" ]
      },
      {
        "key": "🦸‍♀️",
        "skin": [ "🦸🏻‍♀️", "🦸🏼‍♀️", "🦸🏽‍♀️", "🦸🏾‍♀️", "🦸🏿‍♀️" ]
      },
      {
        "key": "🦹",
        "skin": [ "🦹🏻", "🦹🏼", "🦹🏽", "🦹🏾", "🦹🏿" ]
      },
      {
        "key": "🦹‍♂️",
        "skin": [ "🦹🏻‍♂️", "🦹🏼‍♂️", "🦹🏽‍♂️", "🦹🏾‍♂️", "🦹🏿‍♂️" ]
      },
      {
        "key": "🦹‍♀️",
        "skin": [ "🦹🏻‍♀️", "🦹🏼‍♀️", "🦹🏽‍♀️", "🦹🏾‍♀️", "🦹🏿‍♀️" ]
      },
      {
        "key": "🧙",
        "skin": [ "🧙🏻", "🧙🏼", "🧙🏽", "🧙🏾", "🧙🏿" ]
      },
      {
        "key": "🧙‍♂️",
        "skin": [ "🧙🏻‍♂️", "🧙🏼‍♂️", "🧙🏽‍♂️", "🧙🏾‍♂️", "🧙🏿‍♂️" ]
      },
      {
        "key": "🧙‍♀️",
        "skin": [ "🧙🏻‍♀️", "🧙🏼‍♀️", "🧙🏽‍♀️", "🧙🏾‍♀️", "🧙🏿‍♀️" ]
      },
      {
        "key": "🧚",
        "skin": [ "🧚🏻", "🧚🏼", "🧚🏽", "🧚🏾", "🧚🏿" ]
      },
      {
        "key": "🧚‍♂️",
        "skin": [ "🧚🏻‍♂️", "🧚🏼‍♂️", "🧚🏽‍♂️", "🧚🏾‍♂️", "🧚🏿‍♂️" ]
      },
      {
        "key": "🧚‍♀️",
        "skin": [ "🧚🏻‍♀️", "🧚🏼‍♀️", "🧚🏽‍♀️", "🧚🏾‍♀️", "🧚🏿‍♀️" ]
      },
      {
        "key": "🧛",
        "skin": [ "🧛🏻", "🧛🏼", "🧛🏽", "🧛🏾", "🧛🏿" ]
      },
      {
        "key": "🧛‍♂️",
        "skin": [ "🧛🏻‍♂️", "🧛🏼‍♂️", "🧛🏽‍♂️", "🧛🏾‍♂️", "🧛🏿‍♂️" ]
      },
      {
        "key": "🧛‍♀️",
        "skin": [ "🧛🏻‍♀️", "🧛🏼‍♀️", "🧛🏽‍♀️", "🧛🏾‍♀️", "🧛🏿‍♀️" ]
      },
      {
        "key": "🧜",
        "skin": [ "🧜🏻", "🧜🏼", "🧜🏽", "🧜🏾", "🧜🏿" ]
      },
      {
        "key": "🧜‍♂️",
        "skin": [ "🧜🏻‍♂️", "🧜🏼‍♂️", "🧜🏽‍♂️", "🧜🏾‍♂️", "🧜🏿‍♂️" ]
      },
      {
        "key": "🧜‍♀️",
        "skin": [ "🧜🏻‍♀️", "🧜🏼‍♀️", "🧜🏽‍♀️", "🧜🏾‍♀️", "🧜🏿‍♀️" ]
      },
      {
        "key": "🧝",
        "skin": [ "🧝🏻", "🧝🏼", "🧝🏽", "🧝🏾", "🧝🏿" ]
      },
      {
        "key": "🧝‍♂️",
        "skin": [ "🧝🏻‍♂️", "🧝🏼‍♂️", "🧝🏽‍♂️", "🧝🏾‍♂️", "🧝🏿‍♂️" ]
      },
      {
        "key": "🧝‍♀️",
        "skin": [ "🧝🏻‍♀️", "🧝🏼‍♀️", "🧝🏽‍♀️", "🧝🏾‍♀️", "🧝🏿‍♀️" ]
      },
      { "key": "🧞" },
      { "key": "🧞‍♂️" },
      { "key": "🧞‍♀️" },
      { "key": "🧟" },
      { "key": "🧟‍♂️" },
      { "key": "🧟‍♀️" },
      {
        "key": "💆",
        "skin": [ "💆🏻", "💆🏼", "💆🏽", "💆🏾", "💆🏿" ]
      },
      {
        "key": "💆‍♂️",
        "skin": [ "💆🏻‍♂️", "💆🏼‍♂️", "💆🏽‍♂️", "💆🏾‍♂️", "💆🏿‍♂️" ]
      },
      {
        "key": "💆‍♀️",
        "skin": [ "💆🏻‍♀️", "💆🏼‍♀️", "💆🏽‍♀️", "💆🏾‍♀️", "💆🏿‍♀️" ]
      },
      {
        "key": "💇",
        "skin": [ "💇🏻", "💇🏼", "💇🏽", "💇🏾", "💇🏿" ]
      },
      {
        "key": "💇‍♂️",
        "skin": [ "💇🏻‍♂️", "💇🏼‍♂️", "💇🏽‍♂️", "💇🏾‍♂️", "💇🏿‍♂️" ]
      },
      {
        "key": "💇‍♀️",
        "skin": [ "💇🏻‍♀️", "💇🏼‍♀️", "💇🏽‍♀️", "💇🏾‍♀️", "💇🏿‍♀️" ]
      },
      {
        "key": "🚶",
        "skin": [ "🚶🏻", "🚶🏼", "🚶🏽", "🚶🏾", "🚶🏿" ]
      },
      {
        "key": "🚶‍♂️",
        "skin": [ "🚶🏻‍♂️", "🚶🏼‍♂️", "🚶🏽‍♂️", "🚶🏾‍♂️", "🚶🏿‍♂️" ]
      },
      {
        "key": "🚶‍♀️",
        "skin": [ "🚶🏻‍♀️", "🚶🏼‍♀️", "🚶🏽‍♀️", "🚶🏾‍♀️", "🚶🏿‍♀️" ]
      },
      {
        "key": "🏃",
        "skin": [ "🏃🏻", "🏃🏼", "🏃🏽", "🏃🏾", "🏃🏿" ]
      },
      {
        "key": "🏃‍♂️",
        "skin": [ "🏃🏻‍♂️", "🏃🏼‍♂️", "🏃🏽‍♂️", "🏃🏾‍♂️", "🏃🏿‍♂️" ]
      },
      {
        "key": "🏃‍♀️",
        "skin": [ "🏃🏻‍♀️", "🏃🏼‍♀️", "🏃🏽‍♀️", "🏃🏾‍♀️", "🏃🏿‍♀️" ]
      },
      {
        "key": "💃",
        "skin": [ "💃🏻", "💃🏼", "💃🏽", "💃🏾", "💃🏿" ]
      },
      {
        "key": "🕺",
        "skin": [ "🕺🏻", "🕺🏼", "🕺🏽", "🕺🏾", "🕺🏿" ]
      },
      {
        "key": "🕴️",
        "skin": [ "🕴🏻", "🕴🏼", "🕴🏽", "🕴🏾", "🕴🏿" ]
      },
      { "key": "👯" },
      { "key": "👯‍♂️" },
      { "key": "👯‍♀️" },
      {
        "key": "🧖",
        "skin": [ "🧖🏻", "🧖🏼", "🧖🏽", "🧖🏾", "🧖🏿" ]
      },
      {
        "key": "🧖‍♂️",
        "skin": [ "🧖🏻‍♂️", "🧖🏼‍♂️", "🧖🏽‍♂️", "🧖🏾‍♂️", "🧖🏿‍♂️" ]
      },
      {
        "key": "🧖‍♀️",
        "skin": [ "🧖🏻‍♀️", "🧖🏼‍♀️", "🧖🏽‍♀️", "🧖🏾‍♀️", "🧖🏿‍♀️" ]
      },
      {
        "key": "🧗",
        "skin": [ "🧗🏻", "🧗🏼", "🧗🏽", "🧗🏾", "🧗🏿" ]
      },
      {
        "key": "🧗‍♂️",
        "skin": [ "🧗🏻‍♂️", "🧗🏼‍♂️", "🧗🏽‍♂️", "🧗🏾‍♂️", "🧗🏿‍♂️" ]
      },
      {
        "key": "🧗‍♀️",
        "skin": [ "🧗🏻‍♀️", "🧗🏼‍♀️", "🧗🏽‍♀️", "🧗🏾‍♀️", "🧗🏿‍♀️" ]
      },
      { "key": "🤺" },
      {
        "key": "🏇",
        "skin": [ "🏇🏻", "🏇🏼", "🏇🏽", "🏇🏾", "🏇🏿" ]
      },
      { "key": "⛷️" },
      {
        "key": "🏂",
        "skin": [ "🏂🏻", "🏂🏼", "🏂🏽", "🏂🏾", "🏂🏿" ]
      },
      {
        "key": "🏌️",
        "skin": [ "🏌🏻", "🏌🏼", "🏌🏽", "🏌🏾", "🏌🏿" ]
      },
      {
        "key": "🏌️‍♂️",
        "skin": [ "🏌🏻‍♂️", "🏌🏼‍♂️", "🏌🏽‍♂️", "🏌🏾‍♂️", "🏌🏿‍♂️" ]
      },
      {
        "key": "🏌️‍♀️",
        "skin": [ "🏌🏻‍♀️", "🏌🏼‍♀️", "🏌🏽‍♀️", "🏌🏾‍♀️", "🏌🏿‍♀️" ]
      },
      {
        "key": "🏄",
        "skin": [ "🏄🏻", "🏄🏼", "🏄🏽", "🏄🏾", "🏄🏿" ]
      },
      {
        "key": "🏄‍♂️",
        "skin": [ "🏄🏻‍♂️", "🏄🏼‍♂️", "🏄🏽‍♂️", "🏄🏾‍♂️", "🏄🏿‍♂️" ]
      },
      {
        "key": "🏄‍♀️",
        "skin": [ "🏄🏻‍♀️", "🏄🏼‍♀️", "🏄🏽‍♀️", "🏄🏾‍♀️", "🏄🏿‍♀️" ]
      },
      {
        "key": "🚣",
        "skin": [ "🚣🏻", "🚣🏼", "🚣🏽", "🚣🏾", "🚣🏿" ]
      },
      {
        "key": "🚣‍♂️",
        "skin": [ "🚣🏻‍♂️", "🚣🏼‍♂️", "🚣🏽‍♂️", "🚣🏾‍♂️", "🚣🏿‍♂️" ]
      },
      {
        "key": "🚣‍♀️",
        "skin": [ "🚣🏻‍♀️", "🚣🏼‍♀️", "🚣🏽‍♀️", "🚣🏾‍♀️", "🚣🏿‍♀️" ]
      },
      {
        "key": "🏊",
        "skin": [ "🏊🏻", "🏊🏼", "🏊🏽", "🏊🏾", "🏊🏿" ]
      },
      {
        "key": "🏊‍♂️",
        "skin": [ "🏊🏻‍♂️", "🏊🏼‍♂️", "🏊🏽‍♂️", "🏊🏾‍♂️", "🏊🏿‍♂️" ]
      },
      {
        "key": "🏊‍♀️",
        "skin": [ "🏊🏻‍♀️", "🏊🏼‍♀️", "🏊🏽‍♀️", "🏊🏾‍♀️", "🏊🏿‍♀️" ]
      },
      {
        "key": "⛹️",
        "skin": [ "⛹🏻", "⛹🏼", "⛹🏽", "⛹🏾", "⛹🏿" ]
      },
      {
        "key": "⛹️‍♂️",
        "skin": [ "⛹🏻‍♂️", "⛹🏼‍♂️", "⛹🏽‍♂️", "⛹🏾‍♂️", "⛹🏿‍♂️" ]
      },
      {
        "key": "⛹️‍♀️",
        "skin": [ "⛹🏻‍♀️", "⛹🏼‍♀️", "⛹🏽‍♀️", "⛹🏾‍♀️", "⛹🏿‍♀️" ]
      },
      {
        "key": "🏋️",
        "skin": [ "🏋🏻", "🏋🏼", "🏋🏽", "🏋🏾", "🏋🏿" ]
      },
      {
        "key": "🏋️‍♂️",
        "skin": [ "🏋🏻‍♂️", "🏋🏼‍♂️", "🏋🏽‍♂️", "🏋🏾‍♂️", "🏋🏿‍♂️" ]
      },
      {
        "key": "🏋️‍♀️",
        "skin": [ "🏋🏻‍♀️", "🏋🏼‍♀️", "🏋🏽‍♀️", "🏋🏾‍♀️", "🏋🏿‍♀️" ]
      },
      {
        "key": "🚴",
        "skin": [ "🚴🏻", "🚴🏼", "🚴🏽", "🚴🏾", "🚴🏿" ]
      },
      {
        "key": "🚴‍♂️",
        "skin": [ "🚴🏻‍♂️", "🚴🏼‍♂️", "🚴🏽‍♂️", "🚴🏾‍♂️", "🚴🏿‍♂️" ]
      },
      {
        "key": "🚴‍♀️",
        "skin": [ "🚴🏻‍♀️", "🚴🏼‍♀️", "🚴🏽‍♀️", "🚴🏾‍♀️", "🚴🏿‍♀️" ]
      },
      {
        "key": "🚵",
        "skin": [ "🚵🏻", "🚵🏼", "🚵🏽", "🚵🏾", "🚵🏿" ]
      },
      {
        "key": "🚵‍♂️",
        "skin": [ "🚵🏻‍♂️", "🚵🏼‍♂️", "🚵🏽‍♂️", "🚵🏾‍♂️", "🚵🏿‍♂️" ]
      },
      {
        "key": "🚵‍♀️",
        "skin": [ "🚵🏻‍♀️", "🚵🏼‍♀️", "🚵🏽‍♀️", "🚵🏾‍♀️", "🚵🏿‍♀️" ]
      },
      {
        "key": "🤸",
        "skin": [ "🤸🏻", "🤸🏼", "🤸🏽", "🤸🏾", "🤸🏿" ]
      },
      {
        "key": "🤸‍♂️",
        "skin": [ "🤸🏻‍♂️", "🤸🏼‍♂️", "🤸🏽‍♂️", "🤸🏾‍♂️", "🤸🏿‍♂️" ]
      },
      {
        "key": "🤸‍♀️",
        "skin": [ "🤸🏻‍♀️", "🤸🏼‍♀️", "🤸🏽‍♀️", "🤸🏾‍♀️", "🤸🏿‍♀️" ]
      },
      { "key": "🤼" },
      { "key": "🤼‍♂️" },
      { "key": "🤼‍♀️" },
      {
        "key": "🤽",
        "skin": [ "🤽🏻", "🤽🏼", "🤽🏽", "🤽🏾", "🤽🏿" ]
      },
      {
        "key": "🤽‍♂️",
        "skin": [ "🤽🏻‍♂️", "🤽🏼‍♂️", "🤽🏽‍♂️", "🤽🏾‍♂️", "🤽🏿‍♂️" ]
      },
      {
        "key": "🤽‍♀️",
        "skin": [ "🤽🏻‍♀️", "🤽🏼‍♀️", "🤽🏽‍♀️", "🤽🏾‍♀️", "🤽🏿‍♀️" ]
      },
      {
        "key": "🤾",
        "skin": [ "🤾🏻", "🤾🏼", "🤾🏽", "🤾🏾", "🤾🏿" ]
      },
      {
        "key": "🤾‍♂️",
        "skin": [ "🤾🏻‍♂️", "🤾🏼‍♂️", "🤾🏽‍♂️", "🤾🏾‍♂️", "🤾🏿‍♂️" ]
      },
      {
        "key": "🤾‍♀️",
        "skin": [ "🤾🏻‍♀️", "🤾🏼‍♀️", "🤾🏽‍♀️", "🤾🏾‍♀️", "🤾🏿‍♀️" ]
      },
      {
        "key": "🤹",
        "skin": [ "🤹🏻", "🤹🏼", "🤹🏽", "🤹🏾", "🤹🏿" ]
      },
      {
        "key": "🤹‍♂️",
        "skin": [ "🤹🏻‍♂️", "🤹🏼‍♂️", "🤹🏽‍♂️", "🤹🏾‍♂️", "🤹🏿‍♂️" ]
      },
      {
        "key": "🤹‍♀️",
        "skin": [ "🤹🏻‍♀️", "🤹🏼‍♀️", "🤹🏽‍♀️", "🤹🏾‍♀️", "🤹🏿‍♀️" ]
      },
      {
        "key": "🧘",
        "skin": [ "🧘🏻", "🧘🏼", "🧘🏽", "🧘🏾", "🧘🏿" ]
      },
      {
        "key": "🧘‍♂️",
        "skin": [ "🧘🏻‍♂️", "🧘🏼‍♂️", "🧘🏽‍♂️", "🧘🏾‍♂️", "🧘🏿‍♂️" ]
      },
      {
        "key": "🧘‍♀️",
        "skin": [ "🧘🏻‍♀️", "🧘🏼‍♀️", "🧘🏽‍♀️", "🧘🏾‍♀️", "🧘🏿‍♀️" ]
      },
      { "key": "🛀" },
      { "key": "🛌" },
      {
        "key": "👭",
        "skin": [
          "👭🏻",
          "👭🏼",
          "👭🏽",
          "👭🏾",
          "👭🏿"
        ]
      },
      {
        "key": "👫",
        "skin": [
          "👫🏻",
         
          "👫🏼",
          
          "👫🏽",
         
          "👫🏾",
          
          "👫🏿"
        ]
      },
      {
        "key": "👬",
        "skin": [
          "👬🏻",
         
          "👬🏼",
          
          "👬🏽",
         
          "👬🏾",
         
          "👬🏿"
        ]
      },
      { "key": "💏" },
      { "key": "👩‍❤️‍💋‍👨" },
      { "key": "👨‍❤️‍💋‍👨" },
      { "key": "👩‍❤️‍💋‍👩" },
      { "key": "💑" },
      { "key": "👩‍❤️‍👨" },
      { "key": "👨‍❤️‍👨" },
      { "key": "👩‍❤️‍👩" },
      { "key": "👪" },
      { "key": "👨‍👩‍👦" },
      { "key": "👨‍👩‍👧" },
      { "key": "👨‍👩‍👧‍👦" },
      { "key": "👨‍👩‍👦‍👦" },
      { "key": "👨‍👩‍👧‍👧" },
      { "key": "👨‍👨‍👦" },
      { "key": "👨‍👨‍👧" },
      { "key": "👨‍👨‍👧‍👦" },
      { "key": "👨‍👨‍👦‍👦" },
      { "key": "👨‍👨‍👧‍👧" },
      { "key": "👩‍👩‍👦" },
      { "key": "👩‍👩‍👧" },
      { "key": "👩‍👩‍👧‍👦" },
      { "key": "👩‍👩‍👦‍👦" },
      { "key": "👩‍👩‍👧‍👧" },
      { "key": "👨‍👦" },
      { "key": "👨‍👦‍👦" },
      { "key": "👨‍👧" },
      { "key": "👨‍👧‍👦" },
      { "key": "👨‍👧‍👧" },
      { "key": "👩‍👦" },
      { "key": "👩‍👦‍👦" },
      { "key": "👩‍👧" },
      { "key": "👩‍👧‍👦" },
      { "key": "👩‍👧‍👧" },
      { "key": "🗣️" },
      { "key": "👤" },
      { "key": "👥" },
      { "key": "👣" }
    ]
  },
  {
    "key": "AnimalsAndNature",
    "items": [
      { "key": "🐵" },
      { "key": "🐒" },
      { "key": "🦍" },
      { "key": "🐶" },
      { "key": "🐕" },
      { "key": "🐩" },
      { "key": "🐺" },
      { "key": "🦊" },
      { "key": "🦝" },
      { "key": "🐱" },
      { "key": "🐈" },
      { "key": "🦁" },
      { "key": "🐯" },
      { "key": "🐅" },
      { "key": "🐆" },
      { "key": "🐴" },
      { "key": "🐎" },
      { "key": "🦄" },
      { "key": "🦓" },
      { "key": "🦌" },
      { "key": "🐮" },
      { "key": "🐂" },
      { "key": "🐃" },
      { "key": "🐄" },
      { "key": "🐷" },
      { "key": "🐖" },
      { "key": "🐗" },
      { "key": "🐽" },
      { "key": "🐏" },
      { "key": "🐑" },
      { "key": "🐐" },
      { "key": "🐪" },
      { "key": "🐫" },
      { "key": "🦙" },
      { "key": "🦒" },
      { "key": "🐘" },
      { "key": "🦏" },
      { "key": "🦛" },
      { "key": "🐭" },
      { "key": "🐁" },
      { "key": "🐀" },
      { "key": "🐹" },
      { "key": "🐰" },
      { "key": "🐇" },
      { "key": "🐿️" },
      { "key": "🦔" },
      { "key": "🦇" },
      { "key": "🐻" },
      { "key": "🐨" },
      { "key": "🐼" },
      { "key": "🦘" },
      { "key": "🦡" },
      { "key": "🐾" },
      { "key": "🦃" },
      { "key": "🐔" },
      { "key": "🐓" },
      { "key": "🐣" },
      { "key": "🐤" },
      { "key": "🐥" },
      { "key": "🐦" },
      { "key": "🐧" },
      { "key": "🕊️" },
      { "key": "🦅" },
      { "key": "🦆" },
      { "key": "🦢" },
      { "key": "🦉" },
      { "key": "🦚" },
      { "key": "🦜" },
      { "key": "🐸" },
      { "key": "🐊" },
      { "key": "🐢" },
      { "key": "🦎" },
      { "key": "🐍" },
      { "key": "🐲" },
      { "key": "🐉" },
      { "key": "🦕" },
      { "key": "🦖" },
      { "key": "🐳" },
      { "key": "🐋" },
      { "key": "🐬" },
      { "key": "🐟" },
      { "key": "🐠" },
      { "key": "🐡" },
      { "key": "🦈" },
      { "key": "🐙" },
      { "key": "🐚" },
      { "key": "🐌" },
      { "key": "🦋" },
      { "key": "🐛" },
      { "key": "🐜" },
      { "key": "🐝" },
      { "key": "🐞" },
      { "key": "🦗" },
      { "key": "🕷️" },
      { "key": "🕸️" },
      { "key": "🦂" },
      { "key": "🦟" },
      { "key": "🦠" },
      { "key": "💐" },
      { "key": "🌸" },
      { "key": "💮" },
      { "key": "🏵️" },
      { "key": "🌹" },
      { "key": "🥀" },
      { "key": "🌺" },
      { "key": "🌻" },
      { "key": "🌼" },
      { "key": "🌷" },
      { "key": "🌱" },
      { "key": "🌲" },
      { "key": "🌳" },
      { "key": "🌴" },
      { "key": "🌵" },
      { "key": "🌾" },
      { "key": "🌿" },
      { "key": "☘️" },
      { "key": "🍀" },
      { "key": "🍁" },
      { "key": "🍂" },
      { "key": "🍃" }
    ]
  },
  {
    "key": "FoodAndDrink",
    "items": [
      { "key": "🍇" },
      { "key": "🍈" },
      { "key": "🍉" },
      { "key": "🍊" },
      { "key": "🍋" },
      { "key": "🍌" },
      { "key": "🍍" },
      { "key": "🥭" },
      { "key": "🍎" },
      { "key": "🍏" },
      { "key": "🍐" },
      { "key": "🍑" },
      { "key": "🍒" },
      { "key": "🍓" },
      { "key": "🥝" },
      { "key": "🍅" },
      { "key": "🥥" },
      { "key": "🥑" },
      { "key": "🍆" },
      { "key": "🥔" },
      { "key": "🥕" },
      { "key": "🌽" },
      { "key": "🌶️" },
      { "key": "🥒" },
      { "key": "🥬" },
      { "key": "🥦" },
      { "key": "🍄" },
      { "key": "🥜" },
      { "key": "🌰" },
      { "key": "🍞" },
      { "key": "🥐" },
      { "key": "🥖" },
      { "key": "🥨" },
      { "key": "🥯" },
      { "key": "🥞" },
      { "key": "🧀" },
      { "key": "🍖" },
      { "key": "🍗" },
      { "key": "🥩" },
      { "key": "🥓" },
      { "key": "🍔" },
      { "key": "🍟" },
      { "key": "🍕" },
      { "key": "🌭" },
      { "key": "🥪" },
      { "key": "🌮" },
      { "key": "🌯" },
      { "key": "🥙" },
      { "key": "🥚" },
      { "key": "🍳" },
      { "key": "🥘" },
      { "key": "🍲" },
      { "key": "🥣" },
      { "key": "🥗" },
      { "key": "🍿" },
      { "key": "🧂" },
      { "key": "🥫" },
      { "key": "🍱" },
      { "key": "🍘" },
      { "key": "🍙" },
      { "key": "🍚" },
      { "key": "🍛" },
      { "key": "🍜" },
      { "key": "🍝" },
      { "key": "🍠" },
      { "key": "🍢" },
      { "key": "🍣" },
      { "key": "🍤" },
      { "key": "🍥" },
      { "key": "🥮" },
      { "key": "🍡" },
      { "key": "🥟" },
      { "key": "🥠" },
      { "key": "🥡" },
      { "key": "🦀" },
      { "key": "🦞" },
      { "key": "🦐" },
      { "key": "🦑" },
      { "key": "🍦" },
      { "key": "🍧" },
      { "key": "🍨" },
      { "key": "🍩" },
      { "key": "🍪" },
      { "key": "🎂" },
      { "key": "🍰" },
      { "key": "🧁" },
      { "key": "🥧" },
      { "key": "🍫" },
      { "key": "🍬" },
      { "key": "🍭" },
      { "key": "🍮" },
      { "key": "🍯" },
      { "key": "🍼" },
      { "key": "🥛" },
      { "key": "☕" },
      { "key": "🍵" },
      { "key": "🍶" },
      { "key": "🍾" },
      { "key": "🍷" },
      { "key": "🍸" },
      { "key": "🍹" },
      { "key": "🍺" },
      { "key": "🍻" },
      { "key": "🥂" },
      { "key": "🥃" },
      { "key": "🥤" },
      { "key": "🥢" },
      { "key": "🍽️" },
      { "key": "🍴" },
      { "key": "🥄" },
      { "key": "🔪" },
      { "key": "🏺" }
    ]
  },
  {
    "key": "Activities",
    "items": [
      { "key": "🎃" },
      { "key": "🎄" },
      { "key": "🎆" },
      { "key": "🎇" },
      { "key": "🧨" },
      { "key": "✨" },
      { "key": "🎈" },
      { "key": "🎉" },
      { "key": "🎊" },
      { "key": "🎋" },
      { "key": "🎍" },
      { "key": "🎎" },
      { "key": "🎏" },
      { "key": "🎐" },
      { "key": "🎑" },
      { "key": "🧧" },
      { "key": "🎀" },
      { "key": "🎁" },
      { "key": "🎗️" },
      { "key": "🎟️" },
      { "key": "🎫" },
      { "key": "🎖️" },
      { "key": "🏆" },
      { "key": "🏅" },
      { "key": "🥇" },
      { "key": "🥈" },
      { "key": "🥉" },
      { "key": "⚽" },
      { "key": "⚾" },
      { "key": "🥎" },
      { "key": "🏀" },
      { "key": "🏐" },
      { "key": "🏈" },
      { "key": "🏉" },
      { "key": "🎾" },
      { "key": "🥏" },
      { "key": "🎳" },
      { "key": "🏏" },
      { "key": "🏑" },
      { "key": "🏒" },
      { "key": "🥍" },
      { "key": "🏓" },
      { "key": "🏸" },
      { "key": "🥊" },
      { "key": "🥋" },
      { "key": "🥅" },
      { "key": "⛳" },
      { "key": "⛸️" },
      { "key": "🎣" },
      { "key": "🎽" },
      { "key": "🎿" },
      { "key": "🛷" },
      { "key": "🥌" },
      { "key": "🎯" },
      { "key": "🎱" },
      { "key": "🔮" },
      { "key": "🧿" },
      { "key": "🎮" },
      { "key": "🕹️" },
      { "key": "🎰" },
      { "key": "🎲" },
      { "key": "🧩" },
      { "key": "🧸" },
      { "key": "♠️" },
      { "key": "♥️" },
      { "key": "♦️" },
      { "key": "♣️" },
      { "key": "♟️" },
      { "key": "🃏" },
      { "key": "🀄" },
      { "key": "🎴" },
      { "key": "🎭" },
      { "key": "🖼️" },
      { "key": "🎨" },
      { "key": "🧵" },
      { "key": "🧶" }
    ]
  },
  {
    "key": "TravelAndPlaces",
    "items": [
      { "key": "🌍" },
      { "key": "🌎" },
      { "key": "🌏" },
      { "key": "🌐" },
      { "key": "🗺️" },
      { "key": "🗾" },
      { "key": "🧭" },
      { "key": "🏔️" },
      { "key": "⛰️" },
      { "key": "🌋" },
      { "key": "🗻" },
      { "key": "🏕️" },
      { "key": "🏖️" },
      { "key": "🏜️" },
      { "key": "🏝️" },
      { "key": "🏞️" },
      { "key": "🏟️" },
      { "key": "🏛️" },
      { "key": "🏗️" },
      { "key": "🧱" },
      { "key": "🏘️" },
      { "key": "🏚️" },
      { "key": "🏠" },
      { "key": "🏡" },
      { "key": "🏢" },
      { "key": "🏣" },
      { "key": "🏤" },
      { "key": "🏥" },
      { "key": "🏦" },
      { "key": "🏨" },
      { "key": "🏩" },
      { "key": "🏪" },
      { "key": "🏫" },
      { "key": "🏬" },
      { "key": "🏭" },
      { "key": "🏯" },
      { "key": "🏰" },
      { "key": "💒" },
      { "key": "🗼" },
      { "key": "🗽" },
      { "key": "⛪" },
      { "key": "🕌" },
      { "key": "🕍" },
      { "key": "⛩️" },
      { "key": "🕋" },
      { "key": "⛲" },
      { "key": "⛺" },
      { "key": "🌁" },
      { "key": "🌃" },
      { "key": "🏙️" },
      { "key": "🌄" },
      { "key": "🌅" },
      { "key": "🌆" },
      { "key": "🌇" },
      { "key": "🌉" },
      { "key": "♨️" },
      { "key": "🎠" },
      { "key": "🎡" },
      { "key": "🎢" },
      { "key": "💈" },
      { "key": "🎪" },
      { "key": "🚂" },
      { "key": "🚃" },
      { "key": "🚄" },
      { "key": "🚅" },
      { "key": "🚆" },
      { "key": "🚇" },
      { "key": "🚈" },
      { "key": "🚉" },
      { "key": "🚊" },
      { "key": "🚝" },
      { "key": "🚞" },
      { "key": "🚋" },
      { "key": "🚌" },
      { "key": "🚍" },
      { "key": "🚎" },
      { "key": "🚐" },
      { "key": "🚑" },
      { "key": "🚒" },
      { "key": "🚓" },
      { "key": "🚔" },
      { "key": "🚕" },
      { "key": "🚖" },
      { "key": "🚗" },
      { "key": "🚘" },
      { "key": "🚙" },
      { "key": "🚚" },
      { "key": "🚛" },
      { "key": "🚜" },
      { "key": "🏎️" },
      { "key": "🏍️" },
      { "key": "🛵" },
      { "key": "🚲" },
      { "key": "🛴" },
      { "key": "🛹" },
      { "key": "🚏" },
      { "key": "🛣️" },
      { "key": "🛤️" },
      { "key": "🛢️" },
      { "key": "⛽" },
      { "key": "🚨" },
      { "key": "🚥" },
      { "key": "🚦" },
      { "key": "🛑" },
      { "key": "🚧" },
      { "key": "⚓" },
      { "key": "⛵" },
      { "key": "🛶" },
      { "key": "🚤" },
      { "key": "🛳️" },
      { "key": "⛴️" },
      { "key": "🛥️" },
      { "key": "🚢" },
      { "key": "✈️" },
      { "key": "🛩️" },
      { "key": "🛫" },
      { "key": "🛬" },
      { "key": "💺" },
      { "key": "🚁" },
      { "key": "🚟" },
      { "key": "🚠" },
      { "key": "🚡" },
      { "key": "🛰️" },
      { "key": "🚀" },
      { "key": "🛸" },
      { "key": "🛎️" },
      { "key": "🧳" },
      { "key": "⌛" },
      { "key": "⏳" },
      { "key": "⌚" },
      { "key": "⏰" },
      { "key": "⏱️" },
      { "key": "⏲️" },
      { "key": "🕰️" },
      { "key": "🕛" },
      { "key": "🕧" },
      { "key": "🕐" },
      { "key": "🕜" },
      { "key": "🕑" },
      { "key": "🕝" },
      { "key": "🕒" },
      { "key": "🕞" },
      { "key": "🕓" },
      { "key": "🕟" },
      { "key": "🕔" },
      { "key": "🕠" },
      { "key": "🕕" },
      { "key": "🕡" },
      { "key": "🕖" },
      { "key": "🕢" },
      { "key": "🕗" },
      { "key": "🕣" },
      { "key": "🕘" },
      { "key": "🕤" },
      { "key": "🕙" },
      { "key": "🕥" },
      { "key": "🕚" },
      { "key": "🕦" },
      { "key": "🌑" },
      { "key": "🌒" },
      { "key": "🌓" },
      { "key": "🌔" },
      { "key": "🌕" },
      { "key": "🌖" },
      { "key": "🌗" },
      { "key": "🌘" },
      { "key": "🌙" },
      { "key": "🌚" },
      { "key": "🌛" },
      { "key": "🌜" },
      { "key": "🌡️" },
      { "key": "☀️" },
      { "key": "🌝" },
      { "key": "🌞" },
      { "key": "⭐" },
      { "key": "🌟" },
      { "key": "🌠" },
      { "key": "🌌" },
      { "key": "☁️" },
      { "key": "⛅" },
      { "key": "⛈️" },
      { "key": "🌤️" },
      { "key": "🌥️" },
      { "key": "🌦️" },
      { "key": "🌧️" },
      { "key": "🌨️" },
      { "key": "🌩️" },
      { "key": "🌪️" },
      { "key": "🌫️" },
      { "key": "🌬️" },
      { "key": "🌀" },
      { "key": "🌈" },
      { "key": "🌂" },
      { "key": "☂️" },
      { "key": "☔" },
      { "key": "⛱️" },
      { "key": "⚡" },
      { "key": "❄️" },
      { "key": "☃️" },
      { "key": "⛄" },
      { "key": "☄️" },
      { "key": "🔥" },
      { "key": "💧" },
      { "key": "🌊" }
    ]
  },
  {
    "key": "Objects",
    "items": [
      { "key": "👓" },
      { "key": "🕶️" },
      { "key": "🥽" },
      { "key": "🥼" },
      { "key": "👔" },
      { "key": "👕" },
      { "key": "👖" },
      { "key": "🧣" },
      { "key": "🧤" },
      { "key": "🧥" },
      { "key": "🧦" },
      { "key": "👗" },
      { "key": "👘" },
      { "key": "👙" },
      { "key": "👚" },
      { "key": "👛" },
      { "key": "👜" },
      { "key": "👝" },
      { "key": "🛍️" },
      { "key": "🎒" },
      { "key": "👞" },
      { "key": "👟" },
      { "key": "🥾" },
      { "key": "🥿" },
      { "key": "👠" },
      { "key": "👡" },
      { "key": "👢" },
      { "key": "👑" },
      { "key": "👒" },
      { "key": "🎩" },
      { "key": "🎓" },
      { "key": "🧢" },
      { "key": "⛑️" },
      { "key": "📿" },
      { "key": "💄" },
      { "key": "💍" },
      { "key": "💎" },
      { "key": "🔇" },
      { "key": "🔈" },
      { "key": "🔉" },
      { "key": "🔊" },
      { "key": "📢" },
      { "key": "📣" },
      { "key": "📯" },
      { "key": "🔔" },
      { "key": "🔕" },
      { "key": "🎼" },
      { "key": "🎵" },
      { "key": "🎶" },
      { "key": "🎙️" },
      { "key": "🎚️" },
      { "key": "🎛️" },
      { "key": "🎤" },
      { "key": "🎧" },
      { "key": "📻" },
      { "key": "🎷" },
      { "key": "🎸" },
      { "key": "🎹" },
      { "key": "🎺" },
      { "key": "🎻" },
      { "key": "🥁" },
      { "key": "📱" },
      { "key": "📲" },
      { "key": "☎️" },
      { "key": "📞" },
      { "key": "📟" },
      { "key": "📠" },
      { "key": "🔋" },
      { "key": "🔌" },
      { "key": "💻" },
      { "key": "🖥️" },
      { "key": "🖨️" },
      { "key": "⌨️" },
      { "key": "🖱️" },
      { "key": "🖲️" },
      { "key": "💽" },
      { "key": "💾" },
      { "key": "💿" },
      { "key": "📀" },
      { "key": "🧮" },
      { "key": "🎥" },
      { "key": "🎞️" },
      { "key": "📽️" },
      { "key": "🎬" },
      { "key": "📺" },
      { "key": "📷" },
      { "key": "📸" },
      { "key": "📹" },
      { "key": "📼" },
      { "key": "🔍" },
      { "key": "🔎" },
      { "key": "🕯️" },
      { "key": "💡" },
      { "key": "🔦" },
      { "key": "🏮" },
      { "key": "📔" },
      { "key": "📕" },
      { "key": "📖" },
      { "key": "📗" },
      { "key": "📘" },
      { "key": "📙" },
      { "key": "📚" },
      { "key": "📓" },
      { "key": "📒" },
      { "key": "📃" },
      { "key": "📜" },
      { "key": "📄" },
      { "key": "📰" },
      { "key": "🗞️" },
      { "key": "📑" },
      { "key": "🔖" },
      { "key": "🏷️" },
      { "key": "💰" },
      { "key": "💴" },
      { "key": "💵" },
      { "key": "💶" },
      { "key": "💷" },
      { "key": "💸" },
      { "key": "💳" },
      { "key": "🧾" },
      { "key": "💹" },
      { "key": "💱" },
      { "key": "💲" },
      { "key": "✉️" },
      { "key": "📧" },
      { "key": "📨" },
      { "key": "📩" },
      { "key": "📤" },
      { "key": "📥" },
      { "key": "📦" },
      { "key": "📫" },
      { "key": "📪" },
      { "key": "📬" },
      { "key": "📭" },
      { "key": "📮" },
      { "key": "🗳️" },
      { "key": "✏️" },
      { "key": "✒️" },
      { "key": "🖋️" },
      { "key": "🖊️" },
      { "key": "🖌️" },
      { "key": "🖍️" },
      { "key": "📝" },
      { "key": "💼" },
      { "key": "📁" },
      { "key": "📂" },
      { "key": "🗂️" },
      { "key": "📅" },
      { "key": "📆" },
      { "key": "🗒️" },
      { "key": "🗓️" },
      { "key": "📇" },
      { "key": "📈" },
      { "key": "📉" },
      { "key": "📊" },
      { "key": "📋" },
      { "key": "📌" },
      { "key": "📍" },
      { "key": "📎" },
      { "key": "🖇️" },
      { "key": "📏" },
      { "key": "📐" },
      { "key": "✂️" },
      { "key": "🗃️" },
      { "key": "🗄️" },
      { "key": "🗑️" },
      { "key": "🔒" },
      { "key": "🔓" },
      { "key": "🔏" },
      { "key": "🔐" },
      { "key": "🔑" },
      { "key": "🗝️" },
      { "key": "🔨" },
      { "key": "⛏️" },
      { "key": "⚒️" },
      { "key": "🛠️" },
      { "key": "🗡️" },
      { "key": "⚔️" },
      { "key": "🔫" },
      { "key": "🏹" },
      { "key": "🛡️" },
      { "key": "🔧" },
      { "key": "🔩" },
      { "key": "⚙️" },
      { "key": "🗜️" },
      { "key": "⚖️" },
      { "key": "🔗" },
      { "key": "⛓️" },
      { "key": "🧰" },
      { "key": "🧲" },
      { "key": "⚗️" },
      { "key": "🧪" },
      { "key": "🧫" },
      { "key": "🧬" },
      { "key": "🔬" },
      { "key": "🔭" },
      { "key": "📡" },
      { "key": "💉" },
      { "key": "💊" },
      { "key": "🚪" },
      { "key": "🛏️" },
      { "key": "🛋️" },
      { "key": "🚽" },
      { "key": "🚿" },
      { "key": "🛁" },
      { "key": "🧴" },
      { "key": "🧷" },
      { "key": "🧹" },
      { "key": "🧺" },
      { "key": "🧻" },
      { "key": "🧼" },
      { "key": "🧽" },
      { "key": "🧯" },
      { "key": "🛒" },
      { "key": "🚬" },
      { "key": "⚰️" },
      { "key": "⚱️" },
      { "key": "🗿" }
    ]
  },
  {
    "key": "Symbols",
    "items": [
      { "key": "🏧" },
      { "key": "🚮" },
      { "key": "🚰" },
      { "key": "♿" },
      { "key": "🚹" },
      { "key": "🚺" },
      { "key": "🚻" },
      { "key": "🚼" },
      { "key": "🚾" },
      { "key": "🛂" },
      { "key": "🛃" },
      { "key": "🛄" },
      { "key": "🛅" },
      { "key": "⚠️" },
      { "key": "🚸" },
      { "key": "⛔" },
      { "key": "🚫" },
      { "key": "🚳" },
      { "key": "🚭" },
      { "key": "🚯" },
      { "key": "🚱" },
      { "key": "🚷" },
      { "key": "📵" },
      { "key": "🔞" },
      { "key": "☢️" },
      { "key": "☣️" },
      { "key": "⬆️" },
      { "key": "↗️" },
      { "key": "➡️" },
      { "key": "↘️" },
      { "key": "⬇️" },
      { "key": "↙️" },
      { "key": "⬅️" },
      { "key": "↖️" },
      { "key": "↕️" },
      { "key": "↔️" },
      { "key": "↩️" },
      { "key": "↪️" },
      { "key": "⤴️" },
      { "key": "⤵️" },
      { "key": "🔃" },
      { "key": "🔄" },
      { "key": "🔙" },
      { "key": "🔚" },
      { "key": "🔛" },
      { "key": "🔜" },
      { "key": "🔝" },
      { "key": "🛐" },
      { "key": "⚛️" },
      { "key": "🕉️" },
      { "key": "✡️" },
      { "key": "☸️" },
      { "key": "☯️" },
      { "key": "✝️" },
      { "key": "☦️" },
      { "key": "☪️" },
      { "key": "☮️" },
      { "key": "🕎" },
      { "key": "🔯" },
      { "key": "♈" },
      { "key": "♉" },
      { "key": "♊" },
      { "key": "♋" },
      { "key": "♌" },
      { "key": "♍" },
      { "key": "♎" },
      { "key": "♏" },
      { "key": "♐" },
      { "key": "♑" },
      { "key": "♒" },
      { "key": "♓" },
      { "key": "⛎" },
      { "key": "🔀" },
      { "key": "🔁" },
      { "key": "🔂" },
      { "key": "▶️" },
      { "key": "⏩" },
      { "key": "⏭️" },
      { "key": "⏯️" },
      { "key": "◀️" },
      { "key": "⏪" },
      { "key": "⏮️" },
      { "key": "🔼" },
      { "key": "⏫" },
      { "key": "🔽" },
      { "key": "⏬" },
      { "key": "⏸️" },
      { "key": "⏹️" },
      { "key": "⏺️" },
      { "key": "⏏️" },
      { "key": "🎦" },
      { "key": "🔅" },
      { "key": "🔆" },
      { "key": "📶" },
      { "key": "📳" },
      { "key": "📴" },
      { "key": "♀️" },
      { "key": "♂️" },
      { "key": "⚕️" },
      { "key": "♾️" },
      { "key": "♻️" },
      { "key": "⚜️" },
      { "key": "🔱" },
      { "key": "📛" },
      { "key": "🔰" },
      { "key": "⭕" },
      { "key": "✅" },
      { "key": "☑️" },
      { "key": "✔️" },
      { "key": "✖️" },
      { "key": "❌" },
      { "key": "❎" },
      { "key": "➕" },
      { "key": "➖" },
      { "key": "➗" },
      { "key": "➰" },
      { "key": "➿" },
      { "key": "〽️" },
      { "key": "✳️" },
      { "key": "✴️" },
      { "key": "❇️" },
      { "key": "‼️" },
      { "key": "⁉️" },
      { "key": "❓" },
      { "key": "❔" },
      { "key": "❕" },
      { "key": "❗" },
      { "key": "〰️" },
      { "key": "©️" },
      { "key": "®️" },
      { "key": "™️" },
      { "key": "#️⃣" },
      { "key": "*️⃣" },
      { "key": "0️⃣" },
      { "key": "1️⃣" },
      { "key": "2️⃣" },
      { "key": "3️⃣" },
      { "key": "4️⃣" },
      { "key": "5️⃣" },
      { "key": "6️⃣" },
      { "key": "7️⃣" },
      { "key": "8️⃣" },
      { "key": "9️⃣" },
      { "key": "🔟" },
      { "key": "🔠" },
      { "key": "🔡" },
      { "key": "🔢" },
      { "key": "🔣" },
      { "key": "🔤" },
      { "key": "🅰️" },
      { "key": "🆎" },
      { "key": "🅱️" },
      { "key": "🆑" },
      { "key": "🆒" },
      { "key": "🆓" },
      { "key": "ℹ️" },
      { "key": "🆔" },
      { "key": "Ⓜ️" },
      { "key": "🆕" },
      { "key": "🆖" },
      { "key": "🅾️" },
      { "key": "🆗" },
      { "key": "🅿️" },
      { "key": "🆘" },
      { "key": "🆙" },
      { "key": "🆚" },
      { "key": "🈁" },
      { "key": "🈂️" },
      { "key": "🈷️" },
      { "key": "🈶" },
      { "key": "🈯" },
      { "key": "🉐" },
      { "key": "🈹" },
      { "key": "🈚" },
      { "key": "🈲" },
      { "key": "🉑" },
      { "key": "🈸" },
      { "key": "🈴" },
      { "key": "🈳" },
      { "key": "㊗️" },
      { "key": "㊙️" },
      { "key": "🈺" },
      { "key": "🈵" },
      { "key": "🔴" },
      { "key": "🔵" },
      { "key": "⚫" },
      { "key": "⚪" },
      { "key": "⬛" },
      { "key": "⬜" },
      { "key": "◼️" },
      { "key": "◻️" },
      { "key": "◾" },
      { "key": "◽" },
      { "key": "▪️" },
      { "key": "▫️" },
      { "key": "🔶" },
      { "key": "🔷" },
      { "key": "🔸" },
      { "key": "🔹" },
      { "key": "🔺" },
      { "key": "🔻" },
      { "key": "💠" },
      { "key": "🔘" },
      { "key": "🔳" },
      { "key": "🔲" }
    ]
  },
  {
    "key": "Flags",
    "items": [
      { "key": "🏁" },
      { "key": "🚩" },
      { "key": "🎌" },
      { "key": "🏴" },
      { "key": "🏳️" },
      { "key": "🏳️‍🌈" },
      { "key": "🏴‍☠️" }
    ]
  }
]
